{
    "name": "MessagePack",
    "keywords": "message,packing,binary,transmission",
    "description": "Library to pack/unpack values into a compact, self-explanatory binary message",
    "repository": {
        "type": "git",
        "url": "https://github.com/xoseperez/messagepack.git"
    },
    "version": "1.0.0",
    "license": "LGPL-3.0",
    "exclude": "tests",
    "frameworks": "arduino",
    "platforms": ["atmelavr", "atmelsam", "espressif8266", "espressif32"],
    "authors": {
        "name": "Xose Perez",
        "email": "xose.perez@gmail.com",
        "url": "http://tinkerman.cat",
        "maintainer": true
    },
    "examples": [
        "examples/*/*.ino"
    ]
}
